-- phpMyAdmin SQL Dump
-- version 5.1.0
-- https://www.phpmyadmin.net/
--
-- ホスト: 127.0.0.1
-- 生成日時: 2021-06-11 06:40:59
-- サーバのバージョン： 10.4.18-MariaDB
-- PHP のバージョン: 8.0.3

SET SQL_MODE = "NO_AUTO_VALUE_ON_ZERO";
START TRANSACTION;
SET time_zone = "+00:00";


/*!40101 SET @OLD_CHARACTER_SET_CLIENT=@@CHARACTER_SET_CLIENT */;
/*!40101 SET @OLD_CHARACTER_SET_RESULTS=@@CHARACTER_SET_RESULTS */;
/*!40101 SET @OLD_COLLATION_CONNECTION=@@COLLATION_CONNECTION */;
/*!40101 SET NAMES utf8mb4 */;

--
-- データベース: `mydb`
--

-- --------------------------------------------------------

--
-- テーブルの構造 `attendance`
--

CREATE TABLE `attendance` (
  `attendance_id` bigint(20) NOT NULL,
  `break_time` varchar(255) DEFAULT NULL,
  `date` varchar(255) DEFAULT NULL,
  `member_id` bigint(20) NOT NULL,
  `punch_in` varchar(255) DEFAULT NULL,
  `punch_out` varchar(255) DEFAULT NULL,
  `remarks` varchar(255) DEFAULT NULL,
  `work_division` varchar(255) DEFAULT NULL
) ENGINE=InnoDB DEFAULT CHARSET=utf8;

--
-- テーブルのデータのダンプ `attendance`
--

INSERT INTO `attendance` (`attendance_id`, `break_time`, `date`, `member_id`, `punch_in`, `punch_out`, `remarks`, `work_division`) VALUES
(1, '60', '2020-07-30', 1, '11:30', '17:30', '', '出勤'),
(2, '60', '2019-07-14', 2, '9:00', '18:30', '', '出勤'),
(3, '60', '2020-03-07', 3, '11:00', '18:00', '', '出勤'),
(4, '60', '2020-11-25', 4, '9:00', '18:00', '', '出勤'),
(5, '60', '2020-05-19', 5, '12:00', '18:30', '', '出勤'),
(6, '60', '2020-08-11', 6, '11:00', '17:30', '', '有給'),
(7, '60', '2020-02-16', 7, '9:00', '18:00', '', '有給'),
(8, '60', '2019-07-15', 8, '10:00', '19:00', '', '出勤'),
(9, '60', '2019-07-26', 9, '12:00', '19:00', '', '有給'),
(10, '60', '2020-01-21', 10, '12:30', '18:30', '', '出勤'),
(11, '60', '2020-12-09', 11, '11:00', '18:30', '', '出勤'),
(12, '60', '2020-08-29', 12, '11:00', '19:00', '', '有給'),
(13, '60', '2019-03-07', 13, '10:00', '17:30', '', '出勤'),
(14, '60', '2019-07-14', 14, '10:00', '18:30', '', '出勤'),
(15, '60', '2020-12-27', 15, '9:00', '18:00', '', '出勤'),
(16, '60', '2020-04-18', 16, '12:30', '17:00', '', '出勤'),
(17, '60', '2019-06-08', 17, '11:30', '18:00', '', '出勤'),
(18, '60', '2020-07-08', 18, '10:30', '17:30', '', '有給'),
(19, '60', '2019-02-20', 19, '10:30', '18:30', '', '出勤'),
(20, '60', '2019-09-04', 20, '10:00', '17:00', '', '有給'),
(21, '60', '2020-02-14', 21, '9:30', '18:30', '', '出勤'),
(22, '60', '2020-10-01', 22, '12:00', '19:00', '', '出勤'),
(23, '60', '2020-03-08', 23, '9:30', '19:00', '', '出勤'),
(24, '60', '2020-01-31', 24, '11:00', '17:00', '', '出勤'),
(25, '60', '2019-10-12', 25, '10:00', '18:00', '', '出勤'),
(26, '60', '2020-02-11', 26, '9:00', '17:00', '', '有給'),
(27, '60', '2020-07-22', 27, '9:30', '18:00', '', '有給'),
(28, '60', '2020-06-25', 28, '12:30', '18:00', '', '出勤'),
(29, '60', '2020-10-18', 29, '12:30', '18:30', '', '有給'),
(30, '60', '2020-07-15', 30, '11:30', '19:30', '', '有給'),
(31, '60', '2020-09-20', 31, '12:00', '19:30', '', '出勤'),
(32, '60', '2019-12-23', 32, '10:00', '17:00', '', '出勤'),
(33, '60', '2020-09-07', 33, '10:00', '19:30', '', '有給'),
(34, '60', '2019-04-08', 34, '12:00', '19:00', '', '出勤'),
(35, '60', '2019-10-16', 35, '11:00', '17:30', '', '出勤'),
(36, '60', '2020-11-24', 36, '12:00', '18:30', '', '有給'),
(37, '60', '2020-04-18', 37, '10:30', '17:30', '', '有給'),
(38, '60', '2020-02-28', 38, '10:30', '18:00', '', '出勤'),
(39, '60', '2020-07-03', 39, '12:30', '17:00', '', '有給'),
(40, '60', '2020-09-07', 40, '12:00', '19:30', '', '出勤'),
(41, '60', '2020-09-24', 41, '9:30', '17:00', '', '有給'),
(42, '60', '2019-01-25', 42, '11:30', '19:00', '', '出勤'),
(43, '60', '2020-07-27', 43, '9:00', '19:30', '', '出勤'),
(44, '60', '2020-07-06', 44, '10:00', '19:30', '', '出勤'),
(45, '60', '2020-03-19', 45, '12:30', '18:30', '', '有給'),
(46, '60', '2020-06-01', 46, '10:00', '19:00', '', '出勤'),
(47, '60', '2019-07-27', 47, '10:30', '19:30', '', '出勤'),
(48, '60', '2019-02-22', 48, '11:00', '18:30', '', '出勤'),
(49, '60', '2020-11-31', 49, '9:00', '19:30', '', '有給'),
(50, '60', '2020-05-18', 50, '9:30', '18:30', '', '出勤'),
(51, '60', '2020-10-15', 51, '11:30', '18:00', '', '出勤'),
(52, '60', '2019-08-19', 52, '11:30', '18:30', '', '出勤'),
(53, '60', '2020-08-21', 53, '9:30', '17:30', '', '有給'),
(54, '60', '2020-08-24', 54, '12:30', '18:00', '', '出勤'),
(55, '60', '2020-02-26', 55, '10:00', '18:30', '', '有給'),
(56, '60', '2019-01-26', 56, '9:30', '19:00', '', '有給'),
(57, '60', '2020-04-05', 57, '12:00', '17:30', '', '出勤'),
(58, '60', '2020-09-23', 58, '9:30', '17:00', '', '有給'),
(59, '60', '2020-03-26', 59, '11:30', '18:30', '', '有給'),
(60, '60', '2020-12-09', 60, '10:00', '18:30', '', '有給'),
(61, '60', '2020-03-28', 61, '11:00', '17:30', '', '有給'),
(62, '60', '2020-08-14', 62, '11:30', '19:30', '', '出勤'),
(63, '60', '2020-10-18', 63, '12:00', '18:00', '', '出勤'),
(64, '60', '2020-08-09', 64, '12:00', '18:30', '', '出勤'),
(65, '60', '2020-02-10', 65, '11:30', '17:00', '', '有給'),
(66, '60', '2020-01-16', 66, '9:00', '17:30', '', '有給'),
(67, '60', '2020-08-23', 67, '12:00', '17:00', '', '出勤'),
(68, '60', '2020-05-30', 68, '11:00', '17:30', '', '出勤'),
(69, '60', '2020-08-02', 69, '11:30', '17:30', '', '有給'),
(70, '60', '2020-09-25', 70, '11:30', '19:00', '', '出勤'),
(71, '60', '2020-09-27', 71, '12:00', '18:00', '', '有給'),
(72, '60', '2020-05-14', 72, '11:30', '19:30', '', '出勤'),
(73, '60', '2020-06-25', 73, '10:00', '19:00', '', '有給'),
(74, '60', '2020-03-11', 74, '10:30', '19:00', '', '有給'),
(75, '60', '2020-01-17', 75, '11:00', '19:00', '', '有給'),
(76, '60', '2020-01-30', 76, '9:30', '17:00', '', '有給'),
(77, '60', '2020-11-13', 77, '11:30', '19:00', '', '有給'),
(78, '60', '2020-08-11', 78, '12:00', '17:00', '', '有給'),
(79, '60', '2020-10-22', 79, '11:30', '18:30', '', '出勤'),
(80, '60', '2019-01-05', 80, '12:00', '18:30', '', '出勤'),
(81, '60', '2020-02-27', 81, '12:30', '19:30', '', '有給'),
(82, '60', '2020-06-02', 82, '12:30', '18:00', '', '出勤'),
(83, '60', '2020-04-16', 83, '11:30', '19:30', '', '有給'),
(84, '60', '2020-02-12', 84, '9:00', '19:30', '', '有給'),
(85, '60', '2019-10-31', 85, '11:30', '18:00', '', '出勤'),
(86, '60', '2020-03-08', 86, '11:30', '19:30', '', '出勤'),
(87, '60', '2019-04-26', 87, '9:30', '17:30', '', '出勤'),
(88, '60', '2019-11-17', 88, '12:00', '19:30', '', '有給'),
(89, '60', '2019-10-16', 89, '11:30', '17:30', '', '出勤'),
(90, '60', '2020-06-03', 90, '9:00', '17:00', '', '出勤'),
(91, '60', '2019-01-10', 91, '12:30', '19:00', '', '出勤'),
(92, '60', '2019-03-27', 92, '10:00', '18:00', '', '出勤'),
(93, '60', '2020-06-16', 93, '11:00', '18:30', '', '有給'),
(94, '60', '2020-05-15', 94, '12:30', '17:00', '', '有給'),
(95, '60', '2019-09-27', 95, '11:30', '18:30', '', '有給'),
(96, '60', '2019-10-25', 96, '11:30', '17:30', '', '有給'),
(97, '60', '2019-10-12', 97, '10:00', '19:30', '', '出勤'),
(98, '60', '2019-09-02', 98, '11:00', '17:30', '', '出勤'),
(99, '60', '2020-01-31', 99, '10:00', '19:00', '', '有給'),
(100, '60', '2020-02-14', 100, '11:30', '17:00', '', '有給'),
(101, '60', '2020-2-31', 1, '9:30', '17:00', '', '有給'),
(102, '60', '2020-01-12', 2, '9:30', '19:30', '', '有給'),
(103, '60', '2020-03-15', 3, '10:30', '19:00', '', '有給'),
(104, '60', '2020-02-23', 4, '11:00', '17:00', '', '出勤'),
(105, '60', '2020-10-18', 5, '9:30', '18:00', '', '有給'),
(106, '60', '2020-08-24', 6, '9:00', '18:00', '', '出勤'),
(107, '60', '2020-11-19', 7, '12:00', '19:30', '', '有給'),
(108, '60', '2019-11-30', 8, '10:30', '18:00', '', '有給'),
(109, '60', '2020-10-21', 9, '10:00', '18:30', '', '有給'),
(110, '60', '2020-01-09', 10, '11:00', '17:30', '', '有給'),
(111, '60', '2020-10-28', 11, '11:30', '17:00', '', '有給'),
(112, '60', '2020-08-25', 12, '10:30', '19:30', '', '出勤'),
(113, '60', '2020-04-22', 13, '10:30', '18:00', '', '出勤'),
(114, '60', '2019-12-06', 14, '9:00', '19:30', '', '有給'),
(115, '60', '2019-02-13', 15, '12:30', '19:30', '', '有給'),
(116, '60', '2020-05-08', 16, '12:30', '17:00', '', '有給'),
(117, '60', '2019-10-18', 17, '10:00', '17:30', '', '出勤'),
(118, '60', '2020-12-20', 18, '10:30', '17:30', '', '有給'),
(119, '60', '2020-07-19', 19, '10:30', '19:00', '', '出勤'),
(120, '60', '2019-04-10', 20, '11:00', '17:00', '', '出勤'),
(121, '60', '2020-10-04', 21, '12:00', '18:00', '', '有給'),
(122, '60', '2020-11-01', 22, '11:30', '18:30', '', '有給'),
(123, '60', '2020-04-18', 23, '10:30', '19:30', '', '出勤'),
(124, '60', '2020-02-11', 24, '9:00', '17:30', '', '出勤'),
(125, '60', '2020-9-31', 25, '10:30', '17:00', '', '出勤'),
(126, '60', '2020-04-28', 26, '12:30', '17:30', '', '出勤'),
(127, '60', '2020-10-27', 27, '11:00', '19:30', '', '出勤'),
(128, '60', '2019-05-22', 28, '10:00', '17:00', '', '有給'),
(129, '60', '2019-09-28', 29, '10:30', '17:30', '', '出勤'),
(130, '60', '2020-07-15', 30, '10:00', '17:30', '', '有給'),
(131, '60', '2019-02-11', 31, '11:00', '18:00', '', '有給'),
(132, '60', '2019-03-21', 32, '9:30', '19:30', '', '有給'),
(133, '60', '2020-01-05', 33, '10:00', '18:30', '', '有給'),
(134, '60', '2020-06-19', 34, '12:30', '18:30', '', '有給'),
(135, '60', '2019-09-01', 35, '9:30', '17:00', '', '有給'),
(136, '60', '2020-10-19', 36, '10:30', '17:00', '', '出勤'),
(137, '60', '2019-11-06', 37, '12:00', '19:30', '', '出勤'),
(138, '60', '2020-05-16', 38, '12:30', '17:30', '', '出勤'),
(139, '60', '2020-12-31', 39, '12:30', '18:00', '', '有給'),
(140, '60', '2020-07-06', 40, '11:30', '17:30', '', '出勤'),
(141, '60', '2019-08-12', 41, '9:30', '19:30', '', '有給'),
(142, '60', '2020-04-26', 42, '12:00', '19:30', '', '出勤'),
(143, '60', '2020-01-13', 43, '11:30', '19:30', '', '出勤'),
(144, '60', '2020-07-18', 44, '9:00', '19:00', '', '有給'),
(145, '60', '2019-08-18', 45, '12:00', '17:30', '', '有給'),
(146, '60', '2020-11-29', 46, '9:00', '19:30', '', '出勤'),
(147, '60', '2019-06-06', 47, '12:30', '19:00', '', '出勤'),
(148, '60', '2019-04-17', 48, '11:00', '19:00', '', '出勤'),
(149, '60', '2019-08-13', 49, '10:00', '17:00', '', '出勤'),
(150, '60', '2019-08-04', 50, '10:00', '17:00', '', '有給'),
(151, '60', '2020-05-10', 51, '9:00', '17:30', '', '有給'),
(152, '60', '2019-08-18', 52, '11:00', '17:00', '', '有給'),
(153, '60', '2020-10-14', 53, '9:30', '17:00', '', '有給'),
(154, '60', '2020-01-21', 54, '11:30', '18:30', '', '有給'),
(155, '60', '2020-05-22', 55, '10:30', '17:00', '', '出勤'),
(156, '60', '2019-02-11', 56, '10:00', '17:30', '', '有給'),
(157, '60', '2020-08-02', 57, '11:00', '17:30', '', '有給'),
(158, '60', '2019-06-11', 58, '11:30', '19:00', '', '有給'),
(159, '60', '2020-01-14', 59, '12:30', '19:30', '', '有給'),
(160, '60', '2020-12-13', 60, '9:30', '17:00', '', '出勤'),
(161, '60', '2020-12-03', 61, '9:00', '19:30', '', '出勤'),
(162, '60', '2019-02-04', 62, '11:00', '18:00', '', '有給'),
(163, '60', '2020-11-29', 63, '11:00', '19:00', '', '有給'),
(164, '60', '2020-10-18', 64, '12:30', '17:00', '', '出勤'),
(165, '60', '2019-12-31', 65, '11:00', '19:00', '', '出勤'),
(166, '60', '2019-01-13', 66, '12:00', '19:00', '', '出勤'),
(167, '60', '2020-04-17', 67, '9:00', '18:00', '', '出勤'),
(168, '60', '2020-03-31', 68, '12:00', '17:00', '', '有給'),
(169, '60', '2020-06-02', 69, '9:30', '19:30', '', '有給'),
(170, '60', '2019-03-14', 70, '11:00', '18:00', '', '有給'),
(171, '60', '2019-10-18', 71, '10:00', '17:30', '', '有給'),
(172, '60', '2020-11-03', 72, '12:00', '19:00', '', '有給'),
(173, '60', '2020-12-21', 73, '10:30', '18:00', '', '出勤'),
(174, '60', '2019-09-12', 74, '12:30', '17:30', '', '出勤'),
(175, '60', '2019-05-19', 75, '9:00', '18:00', '', '出勤'),
(176, '60', '2019-06-14', 76, '10:30', '18:30', '', '出勤'),
(177, '60', '2019-12-02', 77, '10:00', '18:30', '', '有給'),
(178, '60', '2019-04-21', 78, '9:30', '18:00', '', '有給'),
(179, '60', '2019-01-15', 79, '9:00', '18:30', '', '有給'),
(180, '60', '2020-03-09', 80, '10:00', '17:00', '', '有給'),
(181, '60', '2019-05-15', 81, '9:00', '18:30', '', '有給'),
(182, '60', '2020-12-26', 82, '10:00', '18:30', '', '有給'),
(183, '60', '2019-01-31', 83, '10:00', '17:00', '', '出勤'),
(184, '60', '2020-03-12', 84, '9:30', '19:30', '', '出勤'),
(185, '60', '2020-06-09', 85, '11:30', '17:00', '', '出勤'),
(186, '60', '2019-10-05', 86, '11:00', '17:00', '', '出勤'),
(187, '60', '2020-03-10', 87, '9:00', '17:30', '', '有給'),
(188, '60', '2020-05-30', 88, '9:30', '18:00', '', '有給'),
(189, '60', '2019-08-05', 89, '9:30', '17:00', '', '有給'),
(190, '60', '2020-03-13', 90, '12:00', '17:30', '', '出勤'),
(191, '60', '2020-11-08', 91, '10:00', '19:00', '', '有給'),
(192, '60', '2020-10-16', 92, '10:00', '17:00', '', '有給'),
(193, '60', '2019-02-05', 93, '9:30', '19:00', '', '出勤'),
(194, '60', '2020-04-24', 94, '12:00', '17:00', '', '有給'),
(195, '60', '2019-11-17', 95, '11:30', '19:00', '', '有給'),
(196, '60', '2019-09-06', 96, '12:00', '19:30', '', '出勤'),
(197, '60', '2020-12-05', 97, '12:00', '19:00', '', '有給'),
(198, '60', '2019-11-21', 98, '11:30', '17:00', '', '有給'),
(199, '60', '2019-01-01', 99, '10:00', '18:30', '', '有給'),
(200, '60', '2020-06-10', 100, '9:00', '18:00', '', '有給');

-- --------------------------------------------------------

--
-- テーブルの構造 `login_list`
--

CREATE TABLE `login_list` (
  `id` int(11) NOT NULL,
  `user_name` varchar(10) DEFAULT NULL,
  `password` varchar(256) DEFAULT NULL
) ENGINE=InnoDB DEFAULT CHARSET=utf8;

--
-- テーブルのデータのダンプ `login_list`
--

INSERT INTO `login_list` (`id`, `user_name`, `password`) VALUES
(1, 'fukuch', '1234'),
(2, 'yamada', 'yamada1234'),
(3, 'voice2021', 'voice0618');

-- --------------------------------------------------------

--
-- テーブルの構造 `member`
--

CREATE TABLE `member` (
  `member_id` bigint(20) NOT NULL,
  `address` varchar(255) DEFAULT NULL,
  `birthday` varchar(255) DEFAULT NULL,
  `hourly_wage` varchar(255) DEFAULT NULL,
  `joining_day` varchar(255) DEFAULT NULL,
  `name` varchar(255) DEFAULT NULL,
  `name_kana` varchar(255) DEFAULT NULL,
  `phone_number` varchar(255) DEFAULT NULL,
  `position` varchar(255) DEFAULT NULL,
  `remarks` varchar(255) DEFAULT NULL,
  `sex` varchar(255) DEFAULT NULL,
  `tel_number` varchar(255) DEFAULT NULL,
  `zipcode` varchar(255) DEFAULT NULL,
  `delete_date` datetime DEFAULT NULL
) ENGINE=InnoDB DEFAULT CHARSET=utf8;

--
-- テーブルのデータのダンプ `member`
--

INSERT INTO `member` (`member_id`, `address`, `birthday`, `hourly_wage`, `joining_day`, `name`, `name_kana`, `phone_number`, `position`, `remarks`, `sex`, `tel_number`, `zipcode`, `delete_date`) VALUES
(1, '岩手県二戸市浄法寺町漆沢大久保2-4-7-3階', '1969-09-23', '858', '2017-05-09', '松岡 義子', 'まつおか よしこ', '070-7138-7138', '営業部', '', '女', '0195-83-9774', '028-6817', NULL),
(2, '山形県鶴岡市堅苔沢8-1-3 メゾンドフルーレ堅苔沢', '1965-06-29', '899', '2000-05-26', '浜野 季雄', 'はまの すえお', '080-6985-6985', 'システム部', '', '女', '0235-70-6673', '999-7461', NULL),
(3, '東京都新宿区築地町3055', '1972-12-19', '913', '2013-02-28', '田畑 正輝', 'たばた まさき', '090-8989-8989', '経理部', '', '男', '03-3203-3830', '162-0818', NULL),
(4, '愛知県名古屋市天白区御幸山6-11-9', '1969-04-09', '799', '2006-11-21', '後藤 美砂', 'ごとう みさ', '070-3735-3735', '経理部', '', '女', '052-774-4195', '468-0075', NULL),
(5, '宮城県白石市十王堂北5298', '1966-05-17', '862', '2003-06-27', '佐久間 正征', 'さくま まさゆき', '080-5188-5188', '総務部', '', '男', '0224-66-3223', '989-0265', NULL),
(6, '新潟県上越市三田新田5-11-8', '1978-07-07', '1006', '2020-09-08', '三木 多紀子', 'さんぎ たきこ', '080-8200-8200', '総務部', '', '男', '025-844-7986', '942-0053', NULL),
(7, '新潟県小千谷市上片貝8-2-5', '1978-02-14', '884', '2009-04-06', '手塚 玲', 'てづか れい', '090-2862-2862', '営業部', '', '女', '0258-36-6017', '947-0013', NULL),
(8, '富山県中新川郡立山町池田1648', '1967-01-07', '874', '2016-01-08', '高野 完一', 'こうの かんいち', '070-6088-6088', '営業部', '', '女', '076-186-5052', '930-3239', NULL),
(9, '熊本県玉名郡和水町瀬川6985', '1973-09-28', '856', '2003-07-25', '坂井 暉一郎', 'さかい きいちろう', '090-2864-2864', 'システム部', '', '女', '0968-40-7137', '865-0135', NULL),
(10, '福岡県八女郡広川町新代6-1-6', '1974-10-05', '887', '2013-06-13', '篠崎 為一郎', 'しのさき ためいちろう', '090-0870-0870', 'システム部', '', '男', '0943-67-1869', '834-0115', NULL),
(11, '東京都八王子市谷野町5-9-2', '1971-03-09', '892', '2010-09-05', '石崎 成男', 'いしざき しげお', '070-4805-4805', '経理部', '', '男', '0426-84-2833', '192-0016', NULL),
(12, '千葉県いすみ市岬町鴨根3-3-5', '1973-08-14', '935', '2016-07-17', '稲葉 十三男', 'いなば とみお', '080-8663-8663', 'システム部', '', '女', '050-2562-0112', '299-4624', NULL),
(13, '東京都足立区椿3-11-1', '1966-04-24', '1002', '2000-04-18', '竹内 恵', 'たけうち めぐみ', '070-3031-3031', 'システム部', '', '女', '03-3948-7593', '123-0871', NULL),
(14, '静岡県静岡市清水区大手5-7-2', '1978-05-15', '865', '2017-11-22', '大山 正宣', 'おおやま まさのり', '080-6246-6246', '営業部', '', '男', '054-763-7069', '424-0808', NULL),
(15, '青森県上北郡七戸町森ヶ沢5-12-7 アーバンライフ森ヶ沢 409号室', '1978-06-11', '798', '2005-03-16', '河野 泰央', 'かわの やすお', '070-5678-5678', '経理部', '', '女', '0176-94-9701', '039-2828', NULL),
(16, '千葉県千葉市花見川区幕張本郷7-3-5', '1976-11-19', '807', '2008-10-20', '岡野 玲子', 'おかの れいこ', '070-5833-5833', 'システム部', '', '女', '043-934-0132', '262-0033', NULL),
(17, '東京都中野区弥生町8-15-6', '1970-12-29', '1001', '2016-10-16', '西 常次', 'にし つねじ', '080-8713-8713', '経理部', '', '男', '03-3921-5369', '164-0013', NULL),
(18, '大阪府八尾市南木の本6-6-7', '1975-03-22', '812', '2004-06-05', '丹羽 道貴', 'たんば みちたか', '090-4401-4401', 'システム部', '', '女', '072-360-3715', '581-0042', NULL),
(19, '東京都武蔵村山市中藤9-5-3 アーバンティ中藤 604号室', '1975-06-06', '970', '2012-11-22', '和田 朋絵', 'わだ ともえ', '090-3089-3089', '営業部', '', '男', '042-788-4063', '208-0001', NULL),
(20, '東京都町田市東玉川学園7-12-8', '1968-10-23', '965', '2005-11-25', '菅野 玲一', 'すがの れいいち', '090-9070-9070', '総務部', '', '男', '042-828-8919', '194-0042', NULL),
(21, '静岡県沼津市三枚橋町4-15-8', '1973-09-01', '968', '2016-04-21', '岩瀬 宏幸', 'いわせ ひろゆき', '080-6965-6965', '経理部', '', '女', '055-763-1773', '410-0037', NULL),
(22, '東京都板橋区舟渡7642', '1979-06-24', '862', '2009-06-02', '宮内 忠秋', 'くない ただあき', '080-9311-9311', '経理部', '', '男', '03-3173-5523', '174-0041', NULL),
(23, '静岡県御殿場市駒門3-5-8 ドミシール駒門', '1977-03-17', '948', '2009-08-23', '山村 勇', 'やまむら ゆう', '070-8650-8650', 'システム部', '', '男', '0550-54-2213', '412-0038', NULL),
(24, '青森県上北郡野辺地町下河渡頭5979', '1969-08-19', '993', '2016-02-02', '三輪 一馬', 'みわ かずま', '070-7032-7032', '経理部', '', '女', '0175-00-9168', '039-3174', NULL),
(25, '愛知県幡豆郡一色町細川5-8-3', '1968-10-15', '919', '2009-06-19', '根本 智治', 'ねもと ともはる', '070-4688-4688', 'システム部', '', '男', '0563-67-3327', '444-0425', NULL),
(26, '京都府京都市下京区永原町4541', '1978-05-12', '895', '2016-04-20', '野中 千治', 'のなか せんじ', '070-5403-5403', '経理部', '', '男', '075-334-3558', '600-8073', NULL),
(27, '岩手県紫波郡矢巾町広宮沢2-15-2', '1971-04-05', '857', '2008-07-24', '大島 定二', 'おおしま さだじ', '070-2501-2501', '総務部', '', '女', '019-749-5496', '028-3621', NULL),
(28, '長崎県佐世保市稲荷町1-6-6 フォルム稲荷町', '1972-01-24', '864', '2008-02-18', '畑中 恵八郎', 'はたけなか えいはちろう', '090-5839-5839', '総務部', '', '男', '0956-90-7673', '857-0851', NULL),
(29, '兵庫県姫路市安富町長野3-1-8', '1979-11-19', '923', '2016-04-29', '竹内 貞久', 'たけうち さだひさ', '080-9248-9248', 'システム部', '', '女', '0790-81-4682', '671-2421', NULL),
(30, '福井県福井市岸水町6-7-6 セトル岸水町 10階', '1965-11-03', '891', '2007-12-22', '沢田 美伸', 'さわだ みのぶ', '070-3927-3927', '総務部', '', '女', '0776-43-5023', '910-0042', NULL),
(31, '宮崎県延岡市東本小路9-7-9-113', '1971-01-23', '869', '2011-12-20', '宮田 幸村', 'みやた ゆきむら', '090-7567-7567', '営業部', '', '女', '0982-29-8718', '882-0813', NULL),
(32, '東京都江戸川区西小岩5594', '1972-11-26', '840', '2001-05-26', '上村 利浩', 'うえむら としひろ', '080-0259-0259', '経理部', '', '女', '03-3109-7207', '133-0057', NULL),
(33, '静岡県藤枝市横内9155', '1975-10-03', '886', '2004-12-02', '三谷 梨華', 'みたに りか', '080-3968-3968', 'システム部', '', '女', '054-861-0313', '426-0002', NULL),
(34, '京都府京丹後市久美浜町関4922', '1971-03-18', '907', '2018-09-24', '米田 昭子', 'こめた てるこ', '090-5625-5625', '経理部', '', '女', '0772-25-9076', '629-3437', NULL),
(35, '東京都東大和市上北台5-7-7', '1972-02-02', '973', '2004-11-09', '川口 勝人', 'かわぐち かつと', '070-9252-9252', '総務部', '', '女', '042-923-2884', '207-0023', NULL),
(36, '北海道札幌市豊平区月寒東五条4120', '1971-02-14', '980', '2009-11-06', '高橋 優紀', 'たかはし ゆき', '080-7908-7908', '営業部', '', '女', '011-728-2305', '062-0055', NULL),
(37, '広島県広島市西区草津浜町8-11-2', '1973-07-06', '799', '2012-02-27', '菅野 俊彰', 'かんの としあき', '080-0198-0198', '営業部', '', '女', '082-360-3020', '733-0862', NULL),
(38, '新潟県上越市浦川原区小蒲生田7762', '1974-02-08', '996', '2012-01-19', '花田 義武', 'はなだ よしたけ', '090-9510-9510', '営業部', '', '女', '025-649-1376', '942-0308', NULL),
(39, '青森県八戸市湊町8-14-7 シャルム湊町 7階', '1975-07-18', '952', '2008-07-08', '若林 美伸', 'わかばやし みのぶ', '070-6308-6308', '経理部', '', '女', '0178-71-2253', '031-0812', NULL),
(40, '北海道有珠郡壮瞥町蟠渓2-9-5', '1976-02-10', '935', '2016-11-01', '北川 好利', 'きたかわ よしとし', '090-0790-0790', '総務部', '', '女', '0142-72-2050', '052-0113', NULL),
(41, '愛知県名古屋市熱田区沢上2-14-8 ビブレ沢上', '1973-08-20', '897', '2013-10-15', '小西 健也', 'こにし けんや', '070-4465-4465', '営業部', '', '男', '052-400-3899', '456-0012', NULL),
(42, '愛知県豊川市明野町8-1-1', '1980-08-17', '849', '2003-09-01', '鶴田 聖弘', 'つるた きよひろ', '070-1512-1512', '総務部', '', '男', '0533-64-2626', '442-0887', NULL),
(43, '東京都大田区大森東9-15-3', '1973-05-16', '797', '2006-10-05', '金沢 良市', 'かなざわ りょういち', '070-1702-1702', 'システム部', '', '女', '03-3824-8602', '143-0012', NULL),
(44, '和歌山県日高郡みなべ町西岩代5-14-4', '1965-04-16', '937', '2004-09-14', '岡崎 道貴', 'おかざき みちたか', '090-6685-6685', '総務部', '', '女', '0739-64-5711', '645-0014', NULL),
(45, '東京都渋谷区代々木5-7-9 アーバンティ代々木 13階', '1965-02-18', '941', '2007-01-17', '大山 森勝', 'おおやま もりかつ', '090-7112-7112', '営業部', '', '男', '03-3814-7580', '151-0053', NULL),
(46, '佐賀県武雄市武雄町昭和9-6-5', '1968-07-28', '969', '2008-06-08', '星野 真里', 'ほしの まり', '090-6416-6416', '総務部', '', '女', '0954-66-2127', '843-0023', NULL),
(47, '愛知県刈谷市重原本町3-4-8 ケントハウス重原本町', '1976-07-23', '827', '2005-08-27', '村松 理恵', 'むらまつ りえ', '080-5840-5840', 'システム部', '', '女', '0566-57-1165', '448-0023', NULL),
(48, '福岡県福岡市中央区輝国9-5-8', '1979-10-01', '812', '2010-11-29', '佐伯 あさ美', 'さいき あさみ', '070-6348-6348', '経理部', '', '女', '092-494-9638', '810-0032', NULL),
(49, '長野県駒ヶ根市上穂栄町7-3-9', '1973-09-30', '816', '2007-08-22', '松崎 成美', 'まつさき なりみ', '080-8384-8384', '総務部', '', '男', '0265-95-6346', '399-4115', NULL),
(50, '京都府京都市中京区岩上町6-15-4', '1971-02-20', '928', '2012-01-19', '西山 雅美', 'にしやま まさみ', '080-7563-7563', '総務部', '', '女', '075-665-5688', '604-8341', NULL),
(51, '富山県南砺市天神4-8-4 ミレニアム天神 1402', '1969-05-16', '858', '2005-09-01', '大槻 興亜', 'おおつき きょうあ', '090-5555-5555', '総務部', '', '男', '0763-63-1881', '939-1661', NULL),
(52, '東京都青梅市梅郷4-2-2', '1974-07-04', '975', '2014-01-05', '長尾 千琴', 'ながお ちこと', '070-5513-5513', 'システム部', '', '男', '0428-06-2984', '198-0063', NULL),
(53, '山梨県笛吹市境川町前間田2-13-8-8階', '1968-02-17', '949', '2018-11-24', '野田 憲広', 'のだ のりひろ', '080-1236-1236', '総務部', '', '女', '055-181-5687', '406-0843', NULL),
(54, '埼玉県川越市川鶴3-3-2 ドミール川鶴 1F', '1968-12-01', '940', '2010-02-25', '西田 長生', 'にした ながお', '090-0784-0784', '総務部', '', '女', '049-807-7963', '350-1176', NULL),
(55, '岐阜県郡上市八幡町鍛冶屋町5-11-8-10F', '1977-11-30', '837', '2002-08-12', '坂本 元臣', 'さかもと もとおみ', '070-6095-6095', '総務部', '', '男', '0575-19-7601', '501-4218', NULL),
(56, '島根県松江市新庄町5-13-7', '1976-05-05', '809', '2001-05-30', '杉浦 久哉', 'すぎうら ひさや', '090-0288-0288', '営業部', '', '女', '0852-84-1757', '690-1103', NULL),
(57, '神奈川県秦野市菩提6905', '1975-05-23', '948', '2019-04-04', '白井 孝成', 'しらい たかしげ', '080-0589-0589', 'システム部', '', '女', '0463-48-0467', '259-1302', NULL),
(58, '東京都狛江市駒井町3-15-2', '1969-12-13', '834', '2009-06-29', '竹村 春実', 'たけむら はるみ', '080-7733-7733', '営業部', '', '女', '03-3344-2206', '201-0016', NULL),
(59, '佐賀県神埼市神埼町城原2-9-6', '1969-12-22', '1013', '2001-05-04', '梶原 恭造', 'かじはら きょうぞう', '070-7254-7254', '総務部', '', '男', '0952-35-6499', '842-0122', NULL),
(60, '石川県羽咋郡志賀町中泉7-9-7 エチュード中泉 103', '1968-08-11', '802', '2002-07-29', '新田 満生', 'あらた みつお', '070-3477-3477', '経理部', '', '男', '0767-86-0263', '925-0452', NULL),
(61, '神奈川県厚木市下依知4-7-8', '1979-10-11', '993', '2009-10-04', '青柳 要之助', 'あおやぎ ようのすけ', '070-2753-2753', '総務部', '', '女', '046-363-2515', '243-0806', NULL),
(62, '埼玉県飯能市阿須5-14-4', '1973-12-26', '931', '2020-12-26', '小松 信弥', 'こまつ しんや', '080-6713-6713', '総務部', '', '男', '042-084-8139', '357-0046', NULL),
(63, '愛知県豊田市手呂町5-11-6 Kコーポ手呂町 10階', '1979-06-20', '904', '2000-02-20', '比嘉 麻紀', 'ひが まき', '090-0975-0975', '経理部', '', '男', '0565-10-7913', '470-0325', NULL),
(64, '大阪府大阪市淀川区十八条2-1-2 マンション十八条第1 1204号室', '1978-01-12', '942', '2008-11-06', '内藤 今朝雄', 'ないとう けさお', '090-6136-6136', '営業部', '', '男', '06-6167-2530', '532-0001', NULL),
(65, '東京都八王子市松が谷7050', '1965-09-07', '852', '2019-07-13', '岡野 有三', 'おかの ゆうぞう', '070-2425-2425', '経理部', '', '女', '0426-64-7567', '192-0354', NULL),
(66, '石川県加賀市山中温泉富士見町9-14-8', '1978-05-04', '908', '2006-10-09', '岡村 由紀雄', 'おかむら ゆきお', '090-9559-9559', '総務部', '', '女', '07617-0-0973', '922-0121', NULL),
(67, '北海道夕張郡由仁町光栄5-3-3', '1966-07-28', '862', '2015-04-08', '西田 聖弘', 'にした きよひろ', '070-9961-9961', '経理部', '', '男', '0123-59-5127', '069-1217', NULL),
(68, '大阪府東大阪市高井田中7350', '1971-12-08', '1011', '2001-12-19', '神田 朗夫', 'かんだ あきお', '080-7553-7553', '経理部', '', '男', '06-6535-6675', '577-0065', NULL),
(69, '秋田県山本郡八峰町八森浜田2417', '1974-08-15', '798', '2005-11-16', '稲田 俊康', 'いなだ としやす', '080-3986-3986', '営業部', '', '男', '0185-58-3178', '018-2661', NULL),
(70, '千葉県成田市吉倉8-1-4', '1977-04-21', '903', '2001-01-19', '松下 梨恵子', 'まつした りえこ', '090-9310-9310', 'システム部', '', '男', '0476-03-6784', '286-0133', NULL),
(71, '徳島県海部郡美波町西河内7-15-6', '1979-07-08', '885', '2006-08-17', '奥村 有', 'おくむら たもつ', '090-7818-7818', '営業部', '', '男', '08847-5-3537', '779-2306', NULL),
(72, '北海道余市郡仁木町北町5087', '1971-07-04', '986', '2011-04-04', '宮城 直紀', 'みやぎ なおき', '080-7602-7602', '営業部', '', '女', '0135-38-6202', '048-2405', NULL),
(73, '京都府京都市右京区嵯峨鳥居本六反町5-2-1', '1965-05-19', '941', '2007-06-30', '篠原 厚哉', 'しのはら あつや', '080-7322-7322', '総務部', '', '男', '075-318-3689', '616-8438', NULL),
(74, '新潟県新潟市川崎5981', '1967-11-05', '923', '2002-05-28', '石黒 信平', 'いしくろ しんぺい', '070-5023-5023', '総務部', '', '男', '025-247-0728', '959-0432', NULL),
(75, '大阪府大東市明美の里町8-14-6 フラワーパーク明美の里町 9F', '1975-05-28', '935', '2012-03-07', '林田 勝夫', 'はやしだ まさお', '090-5583-5583', 'システム部', '', '男', '072-235-7955', '574-0003', NULL),
(76, '北海道白糠郡白糠町コイトイ5265', '1973-10-14', '820', '2020-12-11', '黒木 由治', 'くろき よしはる', '070-8428-8428', '営業部', '', '男', '01547-7-4157', '088-0562', NULL),
(77, '東京都渋谷区富ヶ谷6-2-7', '1970-02-25', '803', '2020-08-15', '谷本 美津枝', 'たにもと みつえ', '080-6884-6884', 'システム部', '', '女', '03-3071-6142', '151-0063', NULL),
(78, '福岡県北九州市小倉北区砂津9-15-8', '1979-12-07', '873', '2017-07-31', '西尾 今朝雄', 'にしお けさお', '080-5812-5812', '営業部', '', '男', '093-585-2466', '802-0014', NULL),
(79, '秋田県大仙市南外北田山田ヶ沢4-7-9', '1972-08-03', '913', '2002-12-09', '金城 和好', 'かねぎ かずよし', '080-3116-3116', '経理部', '', '男', '0187-92-5271', '019-1832', NULL),
(80, '福岡県久留米市北野町金島2-11-9 ローレル北野町金島 13F', '1973-06-11', '816', '2017-05-02', '吉本 裕香', 'よしもと ゆうか', '070-8346-8346', '経理部', '', '女', '0942-83-8606', '830-1103', NULL),
(81, '千葉県袖ヶ浦市大竹6-6-8', '1975-05-12', '968', '2005-12-11', '伊東 悠里', 'いとう ゆり', '070-0337-0337', 'システム部', '', '女', '0438-78-3394', '299-0221', NULL),
(82, '愛知県尾張旭市西大道町八瀬の木前2250', '1966-08-06', '918', '2000-10-19', '小林 美伸', 'こばやし みのぶ', '080-3017-3017', '営業部', '', '女', '0561-16-0604', '488-0817', NULL),
(83, '大分県別府市火売8-11-2', '1977-04-29', '1007', '2003-03-01', '三木 有', 'みき たもつ', '080-9558-9558', 'システム部', '', '男', '0977-83-8756', '874-0844', NULL),
(84, '東京都板橋区赤塚6170', '1975-09-21', '925', '2014-09-13', '浜田 秀俊', 'はまだ ひでとし', '080-8579-8579', '総務部', '', '女', '03-3328-0058', '175-0092', NULL),
(85, '兵庫県姫路市広畑区早瀬町2-4-6-1513号室', '1972-05-22', '885', '2003-09-03', '谷口 悠里', 'たにぐち ゆり', '070-0830-0830', '総務部', '', '男', '0792-19-5271', '671-1151', NULL),
(86, '千葉県佐倉市上勝田3-15-1', '1975-05-18', '826', '2017-02-10', '及川 松次郎', 'おいかわ まつじろう', '070-6105-6105', 'システム部', '', '女', '043-990-6971', '285-0054', NULL),
(87, '青森県青森市合浦9-11-1', '1972-02-19', '958', '2020-06-08', '谷川 玲', 'たにかわ れい', '090-9625-9625', 'システム部', '', '女', '017-815-6267', '030-0902', NULL),
(88, '東京都町田市鶴川6-1-7', '1966-08-23', '956', '2008-04-10', '石井 眞美', 'いしい まさみ', '070-6499-6499', 'システム部', '', '男', '042-397-2835', '195-0061', NULL),
(89, '山口県柳井市片野西2-10-6 片野西ハイツA 103', '1977-08-18', '842', '2013-11-20', '岡村 聖弘', 'おかむら きよひろ', '080-2985-2985', '経理部', '', '女', '0820-16-4341', '742-0003', NULL),
(90, '栃木県宇都宮市平出工業団地7-1-8', '1965-05-31', '890', '2007-02-28', '市川 克明', 'いちかわ かつあき', '080-9156-9156', 'システム部', '', '女', '028-735-7343', '321-0905', NULL),
(91, '群馬県邑楽郡明和町矢島9-7-4', '1965-10-31', '965', '2006-04-08', '町田 雅美', 'まちだ まさみ', '090-5089-5089', '経理部', '', '男', '0276-48-1533', '370-0712', NULL),
(92, '東京都大田区城南島5-2-2', '1968-01-12', '832', '2015-07-05', '渡辺 寿彦', 'わたなべ としひこ', '080-7097-7097', '総務部', '', '女', '03-3499-5666', '143-0002', NULL),
(93, '山口県防府市東仁井令町9-7-8 ペガサス東仁井令町', '1965-08-01', '902', '2020-05-06', '塚本 祐美', 'つかもと ゆうみ', '090-1117-1117', '総務部', '', '女', '0835-18-3115', '747-0843', NULL),
(94, '愛媛県松山市平和通6-12-3 サンハイツ平和通', '1970-09-08', '984', '2019-10-24', '泉 義将', 'いずみ よしまさ', '070-0235-0235', '総務部', '', '男', '089-591-6141', '790-0807', NULL),
(95, '北海道赤平市幸町4-10-1', '1971-05-30', '896', '2012-11-09', '吉原 光善', 'よしはら みつよし', '090-0592-0592', 'システム部', '', '男', '0125-13-2475', '079-1154', NULL),
(96, '千葉県長生郡長生村一松丙8062', '1967-02-24', '811', '2002-04-12', '中野 朗夫', 'なかの あきお', '080-1799-1799', '総務部', '', '男', '0475-87-0397', '299-4325', NULL),
(97, '栃木県宇都宮市城南1-6-7', '1976-07-14', '974', '2012-04-28', '宮城 理香', 'みやぎ りか', '080-5743-5743', '総務部', '', '男', '028-438-0481', '321-0117', NULL),
(98, '北海道網走郡美幌町東一条南4-14-3', '1977-09-02', '1005', '2017-07-09', '北野 昌光', 'きたの まさみつ', '090-0929-0929', '経理部', '', '女', '0152-84-6968', '092-0041', NULL),
(99, '鹿児島県川辺郡川辺町永田3-12-2', '1975-02-10', '794', '2012-12-08', '三谷 麻琴', 'さんや まこと', '070-6389-6389', '経理部', '', '男', '0993-86-0934', '897-0222', NULL),
(100, '北海道古宇郡泊村茅沼村1-5-1', '1970-11-04', '818', '2005-04-27', '石井 啓矩', 'いしい ひろのり', '070-4912-4912', '経理部', '', '女', '0135-96-7788', '045-0202', NULL);

-- --------------------------------------------------------

--
-- テーブルの構造 `m_member`
--

CREATE TABLE `m_member` (
  `member_id` int(11) NOT NULL,
  `name` varchar(100) DEFAULT NULL,
  `name_kana` varchar(200) DEFAULT NULL,
  `sex` enum('0','1') DEFAULT NULL,
  `birthday` date DEFAULT NULL,
  `position` varchar(45) DEFAULT NULL,
  `joining_day` date DEFAULT NULL,
  `zipcode` varchar(10) DEFAULT NULL,
  `address` varchar(200) DEFAULT NULL,
  `tel_number` varchar(45) DEFAULT NULL,
  `phone_number` varchar(45) DEFAULT NULL,
  `remarks` text DEFAULT NULL,
  `hourly_wage` varchar(45) DEFAULT NULL
) ENGINE=InnoDB DEFAULT CHARSET=utf8;

--
-- テーブルのデータのダンプ `m_member`
--

INSERT INTO `m_member` (`member_id`, `name`, `name_kana`, `sex`, `birthday`, `position`, `joining_day`, `zipcode`, `address`, `tel_number`, `phone_number`, `remarks`, `hourly_wage`) VALUES
(1, '松岡 義子', 'マツオカ ヨシコ', '0', '1965-08-04', '営業部', '2017-05-09', '028-6817', '岩手県二戸市浄法寺町漆沢大久保2-4-7-3階', '0195-83-9774', '070-7138-7138', '', '858'),
(2, '浜野 季雄', 'ハマノ スエオ', '1', '1975-09-20', 'システム部', '2000-05-26', '999-7461', '山形県鶴岡市堅苔沢8-1-3 メゾンドフルーレ堅苔沢', '0235-70-6673', '080-6985-6985', '', '899'),
(3, '田畑 正輝', 'タバタ マサキ', '0', '1975-04-14', '経理部', '2013-02-28', '162-0818', '東京都新宿区築地町3055', '03-3203-3830', '090-8989-8989', '', '913'),
(4, '後藤 美砂', 'ゴトウ ミサ', '1', '1978-09-05', '経理部', '2006-11-21', '468-0075', '愛知県名古屋市天白区御幸山6-11-9', '052-774-4195', '070-3735-3735', '', '799'),
(5, '佐久間 正征', 'サクマ マサユキ', '0', '1969-09-06', '総務部', '2003-06-27', '989-0265', '宮城県白石市十王堂北5298', '0224-66-3223', '080-5188-5188', '', '862'),
(6, '三木 多紀子', 'サンギ タキコ', '1', '1976-05-29', '総務部', '2020-09-08', '942-0053', '新潟県上越市三田新田5-11-8', '025-844-7986', '080-8200-8200', '', '1006'),
(7, '手塚 玲', 'テヅカ レイ', '1', '1971-05-20', '営業部', '2009-04-06', '947-0013', '新潟県小千谷市上片貝8-2-5', '0258-36-6017', '090-2862-2862', '', '884'),
(8, '高野 完一', 'コウノ カンイチ', '0', '1965-01-19', '営業部', '2016-01-08', '930-3239', '富山県中新川郡立山町池田1648', '076-186-5052', '070-6088-6088', '', '874'),
(9, '坂井 暉一郎', 'サカイ キイチロウ', '1', '1976-07-07', 'システム部', '2003-07-25', '865-0135', '熊本県玉名郡和水町瀬川6985', '0968-40-7137', '090-2864-2864', '', '856'),
(10, '篠崎 為一郎', 'シノサキ タメイチロウ', '1', '1966-05-23', 'システム部', '2013-06-13', '834-0115', '福岡県八女郡広川町新代6-1-6', '0943-67-1869', '090-0870-0870', '', '887'),
(11, '石崎 成男', 'イシザキ シゲオ', '0', '1977-12-23', '経理部', '2010-09-05', '192-0016', '東京都八王子市谷野町5-9-2', '0426-84-2833', '070-4805-4805', '', '892'),
(12, '稲葉 十三男', 'イナバ トミオ', '1', '1968-11-11', 'システム部', '2016-07-17', '299-4624', '千葉県いすみ市岬町鴨根3-3-5', '050-2562-0112', '080-8663-8663', '', '935'),
(13, '竹内 恵', 'タケウチ メグミ', '1', '1971-06-07', 'システム部', '2000-04-18', '123-0871', '東京都足立区椿3-11-1', '03-3948-7593', '070-3031-3031', '', '1002'),
(14, '大山 正宣', 'オオヤマ マサノリ', '0', '1965-02-05', '営業部', '2017-11-22', '424-0808', '静岡県静岡市清水区大手5-7-2', '054-763-7069', '080-6246-6246', '', '865'),
(15, '河野 泰央', 'カワノ ヤスオ', '0', '1975-10-27', '経理部', '2005-03-16', '039-2828', '青森県上北郡七戸町森ヶ沢5-12-7 アーバンライフ森ヶ沢 409号室', '0176-94-9701', '070-5678-5678', '', '798'),
(16, '岡野 玲子', 'オカノ レイコ', '0', '1974-11-12', 'システム部', '2008-10-20', '262-0033', '千葉県千葉市花見川区幕張本郷7-3-5', '043-934-0132', '070-5833-5833', '', '807'),
(17, '西 常次', 'ニシ ツネジ', '1', '1978-09-10', '経理部', '2016-10-16', '164-0013', '東京都中野区弥生町8-15-6', '03-3921-5369', '080-8713-8713', '', '1001'),
(18, '丹羽 道貴', 'タンバ ミチタカ', '1', '1973-10-04', 'システム部', '2004-06-05', '581-0042', '大阪府八尾市南木の本6-6-7', '072-360-3715', '090-4401-4401', '', '812'),
(19, '和田 朋絵', 'ワダ トモエ', '1', '1969-09-09', '営業部', '2012-11-22', '208-0001', '東京都武蔵村山市中藤9-5-3 アーバンティ中藤 604号室', '042-788-4063', '090-3089-3089', '', '970'),
(20, '菅野 玲一', 'スガノ レイイチ', '1', '1973-02-03', '総務部', '2005-11-25', '194-0042', '東京都町田市東玉川学園7-12-8', '042-828-8919', '090-9070-9070', '', '965'),
(21, '岩瀬 宏幸', 'イワセ ヒロユキ', '1', '1979-01-09', '経理部', '2016-04-21', '410-0037', '静岡県沼津市三枚橋町4-15-8', '055-763-1773', '080-6965-6965', '', '968'),
(22, '宮内 忠秋', 'クナイ タダアキ', '0', '1968-07-23', '経理部', '2009-06-02', '174-0041', '東京都板橋区舟渡7642', '03-3173-5523', '080-9311-9311', '', '862'),
(23, '山村 勇', 'ヤマムラ ユウ', '1', '1980-04-09', 'システム部', '2009-08-23', '412-0038', '静岡県御殿場市駒門3-5-8 ドミシール駒門', '0550-54-2213', '070-8650-8650', '', '948'),
(24, '三輪 一馬', 'ミワ カズマ', '0', '1967-12-27', '経理部', '2016-02-02', '039-3174', '青森県上北郡野辺地町下河渡頭5979', '0175-00-9168', '070-7032-7032', '', '993'),
(25, '根本 智治', 'ネモト トモハル', '1', '1971-02-04', 'システム部', '2009-06-19', '444-0425', '愛知県幡豆郡一色町細川5-8-3', '0563-67-3327', '070-4688-4688', '', '919'),
(26, '野中 千治', 'ノナカ センジ', '1', '1975-12-10', '経理部', '2016-04-20', '600-8073', '京都府京都市下京区永原町4541', '075-334-3558', '070-5403-5403', '', '895'),
(27, '大島 定二', 'オオシマ サダジ', '1', '1972-11-19', '総務部', '2008-07-24', '028-3621', '岩手県紫波郡矢巾町広宮沢2-15-2', '019-749-5496', '070-2501-2501', '', '857'),
(28, '畑中 恵八郎', 'ハタケナカ エイハチロウ', '1', '1974-01-16', '総務部', '2008-02-18', '857-0851', '長崎県佐世保市稲荷町1-6-6 フォルム稲荷町', '0956-90-7673', '090-5839-5839', '', '864'),
(29, '竹内 貞久', 'タケウチ サダヒサ', '0', '1972-10-21', 'システム部', '2016-04-29', '671-2421', '兵庫県姫路市安富町長野3-1-8', '0790-81-4682', '080-9248-9248', '', '923'),
(30, '沢田 美伸', 'サワダ ミノブ', '0', '1965-08-22', '総務部', '2007-12-22', '910-0042', '福井県福井市岸水町6-7-6 セトル岸水町 10階', '0776-43-5023', '070-3927-3927', '', '891'),
(31, '宮田 幸村', 'ミヤタ ユキムラ', '0', '1979-11-30', '営業部', '2011-12-20', '882-0813', '宮崎県延岡市東本小路9-7-9-113', '0982-29-8718', '090-7567-7567', '', '869'),
(32, '上村 利浩', 'ウエムラ トシヒロ', '0', '1975-05-22', '経理部', '2001-05-26', '133-0057', '東京都江戸川区西小岩5594', '03-3109-7207', '080-0259-0259', '', '840'),
(33, '三谷 梨華', 'ミタニ リカ', '0', '1976-05-17', 'システム部', '2004-12-02', '426-0002', '静岡県藤枝市横内9155', '054-861-0313', '080-3968-3968', '', '886'),
(34, '米田 昭子', 'コメタ テルコ', '0', '1977-04-24', '経理部', '2018-09-24', '629-3437', '京都府京丹後市久美浜町関4922', '0772-25-9076', '090-5625-5625', '', '907'),
(35, '川口 勝人', 'カワグチ カツト', '0', '1971-11-30', '総務部', '2004-11-09', '207-0023', '東京都東大和市上北台5-7-7', '042-923-2884', '070-9252-9252', '', '973'),
(36, '高橋 優紀', 'タカハシ ユキ', '0', '1965-12-23', '営業部', '2009-11-06', '062-0055', '北海道札幌市豊平区月寒東五条4120', '011-728-2305', '080-7908-7908', '', '980'),
(37, '菅野 俊彰', 'カンノ トシアキ', '0', '1970-11-25', '営業部', '2012-02-27', '733-0862', '広島県広島市西区草津浜町8-11-2', '082-360-3020', '080-0198-0198', '', '799'),
(38, '花田 義武', 'ハナダ ヨシタケ', '0', '1965-04-29', '営業部', '2012-01-19', '942-0308', '新潟県上越市浦川原区小蒲生田7762', '025-649-1376', '090-9510-9510', '', '996'),
(39, '若林 美伸', 'ワカバヤシ ミノブ', '0', '1966-06-23', '経理部', '2008-07-08', '031-0812', '青森県八戸市湊町8-14-7 シャルム湊町 7階', '0178-71-2253', '070-6308-6308', '', '952'),
(40, '北川 好利', 'キタカワ ヨシトシ', '1', '1972-07-14', '総務部', '2016-11-01', '052-0113', '北海道有珠郡壮瞥町蟠渓2-9-5', '0142-72-2050', '090-0790-0790', '', '935'),
(41, '小西 健也', 'コニシ ケンヤ', '1', '1977-01-05', '営業部', '2013-10-15', '456-0012', '愛知県名古屋市熱田区沢上2-14-8 ビブレ沢上', '052-400-3899', '070-4465-4465', '', '897'),
(42, '鶴田 聖弘', 'ツルタ キヨヒロ', '0', '1968-05-05', '総務部', '2003-09-01', '442-0887', '愛知県豊川市明野町8-1-1', '0533-64-2626', '070-1512-1512', '', '849'),
(43, '金沢 良市', 'カナザワ リョウイチ', '1', '1977-06-17', 'システム部', '2006-10-05', '143-0012', '東京都大田区大森東9-15-3', '03-3824-8602', '070-1702-1702', '', '797'),
(44, '岡崎 道貴', 'オカザキ ミチタカ', '1', '1975-06-06', '総務部', '2004-09-14', '645-0014', '和歌山県日高郡みなべ町西岩代5-14-4', '0739-64-5711', '090-6685-6685', '', '937'),
(45, '大山 森勝', 'オオヤマ モリカツ', '1', '1978-04-26', '営業部', '2007-01-17', '151-0053', '東京都渋谷区代々木5-7-9 アーバンティ代々木 13階', '03-3814-7580', '090-7112-7112', '', '941'),
(46, '星野 真里', 'ホシノ マリ', '1', '1974-10-08', '総務部', '2008-06-08', '843-0023', '佐賀県武雄市武雄町昭和9-6-5', '0954-66-2127', '090-6416-6416', '', '969'),
(47, '村松 理恵', 'ムラマツ リエ', '1', '1976-02-18', 'システム部', '2005-08-27', '448-0023', '愛知県刈谷市重原本町3-4-8 ケントハウス重原本町', '0566-57-1165', '080-5840-5840', '', '827'),
(48, '佐伯 あさ美', 'サイキ アサミ', '1', '1971-06-03', '経理部', '2010-11-29', '810-0032', '福岡県福岡市中央区輝国9-5-8', '092-494-9638', '070-6348-6348', '', '812'),
(49, '松崎 成美', 'マツサキ ナリミ', '0', '1970-03-29', '総務部', '2007-08-22', '399-4115', '長野県駒ヶ根市上穂栄町7-3-9', '0265-95-6346', '080-8384-8384', '', '816'),
(50, '西山 雅美', 'ニシヤマ マサミ', '1', '1969-12-04', '総務部', '2012-01-19', '604-8341', '京都府京都市中京区岩上町6-15-4', '075-665-5688', '080-7563-7563', '', '928'),
(51, '大槻 興亜', 'オオツキ キョウア', '0', '1978-09-27', '総務部', '2005-09-01', '939-1661', '富山県南砺市天神4-8-4 ミレニアム天神 1402', '0763-63-1881', '090-5555-5555', '', '858'),
(52, '長尾 千琴', 'ナガオ チコト', '1', '1968-01-30', 'システム部', '2014-01-05', '198-0063', '東京都青梅市梅郷4-2-2', '0428-06-2984', '070-5513-5513', '', '975'),
(53, '野田 憲広', 'ノダ ノリヒロ', '0', '1979-04-12', '総務部', '2018-11-24', '406-0843', '山梨県笛吹市境川町前間田2-13-8-8階', '055-181-5687', '080-1236-1236', '', '949'),
(54, '西田 長生', 'ニシタ ナガオ', '0', '1976-07-23', '総務部', '2010-02-25', '350-1176', '埼玉県川越市川鶴3-3-2 ドミール川鶴 1F', '049-807-7963', '090-0784-0784', '', '940'),
(55, '坂本 元臣', 'サカモト モトオミ', '1', '1979-11-14', '総務部', '2002-08-12', '501-4218', '岐阜県郡上市八幡町鍛冶屋町5-11-8-10F', '0575-19-7601', '070-6095-6095', '', '837'),
(56, '杉浦 久哉', 'スギウラ ヒサヤ', '1', '1976-04-22', '営業部', '2001-05-30', '690-1103', '島根県松江市新庄町5-13-7', '0852-84-1757', '090-0288-0288', '', '809'),
(57, '白井 孝成', 'シライ タカシゲ', '1', '1965-10-02', 'システム部', '2019-04-04', '259-1302', '神奈川県秦野市菩提6905', '0463-48-0467', '080-0589-0589', '', '948'),
(58, '竹村 春実', 'タケムラ ハルミ', '1', '1965-11-14', '営業部', '2009-06-29', '201-0016', '東京都狛江市駒井町3-15-2', '03-3344-2206', '080-7733-7733', '', '834'),
(59, '梶原 恭造', 'カジハラ キョウゾウ', '0', '1975-05-18', '総務部', '2001-05-04', '842-0122', '佐賀県神埼市神埼町城原2-9-6', '0952-35-6499', '070-7254-7254', '', '1013'),
(60, '新田 満生', 'アラタ ミツオ', '0', '1974-11-05', '経理部', '2002-07-29', '925-0452', '石川県羽咋郡志賀町中泉7-9-7 エチュード中泉 103', '0767-86-0263', '070-3477-3477', '', '802'),
(61, '青柳 要之助', 'アオヤギ ヨウノスケ', '1', '1975-12-19', '総務部', '2009-10-04', '243-0806', '神奈川県厚木市下依知4-7-8', '046-363-2515', '070-2753-2753', '', '993'),
(62, '小松 信弥', 'コマツ シンヤ', '0', '1976-04-29', '総務部', '2020-12-26', '357-0046', '埼玉県飯能市阿須5-14-4', '042-084-8139', '080-6713-6713', '', '931'),
(63, '比嘉 麻紀', 'ヒガ マキ', '1', '1968-03-23', '経理部', '2000-02-20', '470-0325', '愛知県豊田市手呂町5-11-6 Kコーポ手呂町 10階', '0565-10-7913', '090-0975-0975', '', '904'),
(64, '内藤 今朝雄', 'ナイトウ ケサオ', '1', '1971-11-09', '営業部', '2008-11-06', '532-0001', '大阪府大阪市淀川区十八条2-1-2 マンション十八条第1 1204号室', '06-6167-2530', '090-6136-6136', '', '942'),
(65, '岡野 有三', 'オカノ ユウゾウ', '0', '1976-01-15', '経理部', '2019-07-13', '192-0354', '東京都八王子市松が谷7050', '0426-64-7567', '070-2425-2425', '', '852'),
(66, '岡村 由紀雄', 'オカムラ ユキオ', '1', '1975-01-01', '総務部', '2006-10-09', '922-0121', '石川県加賀市山中温泉富士見町9-14-8', '07617-0-0973', '090-9559-9559', '', '908'),
(67, '西田 聖弘', 'ニシタ キヨヒロ', '0', '1976-11-11', '経理部', '2015-04-08', '069-1217', '北海道夕張郡由仁町光栄5-3-3', '0123-59-5127', '070-9961-9961', '', '862'),
(68, '神田 朗夫', 'カンダ アキオ', '0', '1967-08-14', '経理部', '2001-12-19', '577-0065', '大阪府東大阪市高井田中7350', '06-6535-6675', '080-7553-7553', '', '1011'),
(69, '稲田 俊康', 'イナダ トシヤス', '0', '1975-07-06', '営業部', '2005-11-16', '018-2661', '秋田県山本郡八峰町八森浜田2417', '0185-58-3178', '080-3986-3986', '', '798'),
(70, '松下 梨恵子', 'マツシタ リエコ', '0', '1980-02-23', 'システム部', '2001-01-19', '286-0133', '千葉県成田市吉倉8-1-4', '0476-03-6784', '090-9310-9310', '', '903'),
(71, '奥村 有', 'オクムラ タモツ', '0', '1976-12-26', '営業部', '2006-08-17', '779-2306', '徳島県海部郡美波町西河内7-15-6', '08847-5-3537', '090-7818-7818', '', '885'),
(72, '宮城 直紀', 'ミヤギ ナオキ', '1', '1980-02-05', '営業部', '2011-04-04', '048-2405', '北海道余市郡仁木町北町5087', '0135-38-6202', '080-7602-7602', '', '986'),
(73, '篠原 厚哉', 'シノハラ アツヤ', '0', '1980-04-10', '総務部', '2007-06-30', '616-8438', '京都府京都市右京区嵯峨鳥居本六反町5-2-1', '075-318-3689', '080-7322-7322', '', '941'),
(74, '石黒 信平', 'イシクロ シンペイ', '0', '1969-02-07', '総務部', '2002-05-28', '959-0432', '新潟県新潟市川崎5981', '025-247-0728', '070-5023-5023', '', '923'),
(75, '林田 勝夫', 'ハヤシダ マサオ', '1', '1970-05-18', 'システム部', '2012-03-07', '574-0003', '大阪府大東市明美の里町8-14-6 フラワーパーク明美の里町 9F', '072-235-7955', '090-5583-5583', '', '935'),
(76, '黒木 由治', 'クロキ ヨシハル', '1', '1980-01-07', '営業部', '2020-12-11', '088-0562', '北海道白糠郡白糠町コイトイ5265', '01547-7-4157', '070-8428-8428', '', '820'),
(77, '谷本 美津枝', 'タニモト ミツエ', '1', '1973-03-20', 'システム部', '2020-08-15', '151-0063', '東京都渋谷区富ヶ谷6-2-7', '03-3071-6142', '080-6884-6884', '', '803'),
(78, '西尾 今朝雄', 'ニシオ ケサオ', '1', '1976-04-06', '営業部', '2017-07-31', '802-0014', '福岡県北九州市小倉北区砂津9-15-8', '093-585-2466', '080-5812-5812', '', '873'),
(79, '金城 和好', 'カネギ カズヨシ', '1', '1966-06-10', '経理部', '2002-12-09', '019-1832', '秋田県大仙市南外北田山田ヶ沢4-7-9', '0187-92-5271', '080-3116-3116', '', '913'),
(80, '吉本 裕香', 'ヨシモト ユウカ', '0', '1967-10-13', '経理部', '2017-05-02', '830-1103', '福岡県久留米市北野町金島2-11-9 ローレル北野町金島 13F', '0942-83-8606', '070-8346-8346', '', '816'),
(81, '伊東 悠里', 'イトウ ユリ', '1', '1975-12-12', 'システム部', '2005-12-11', '299-0221', '千葉県袖ヶ浦市大竹6-6-8', '0438-78-3394', '070-0337-0337', '', '968'),
(82, '小林 美伸', 'コバヤシ ミノブ', '0', '1969-04-13', '営業部', '2000-10-19', '488-0817', '愛知県尾張旭市西大道町八瀬の木前2250', '0561-16-0604', '080-3017-3017', '', '918'),
(83, '三木 有', 'ミキ タモツ', '0', '1966-08-05', 'システム部', '2003-03-01', '874-0844', '大分県別府市火売8-11-2', '0977-83-8756', '080-9558-9558', '', '1007'),
(84, '浜田 秀俊', 'ハマダ ヒデトシ', '1', '1976-04-15', '総務部', '2014-09-13', '175-0092', '東京都板橋区赤塚6170', '03-3328-0058', '080-8579-8579', '', '925'),
(85, '谷口 悠里', 'タニグチ ユリ', '1', '1966-04-27', '総務部', '2003-09-03', '671-1151', '兵庫県姫路市広畑区早瀬町2-4-6-1513号室', '0792-19-5271', '070-0830-0830', '', '885'),
(86, '及川 松次郎', 'オイカワ マツジロウ', '0', '1980-05-01', 'システム部', '2017-02-10', '285-0054', '千葉県佐倉市上勝田3-15-1', '043-990-6971', '070-6105-6105', '', '826'),
(87, '谷川 玲', 'タニカワ レイ', '0', '1973-05-04', 'システム部', '2020-06-08', '030-0902', '青森県青森市合浦9-11-1', '017-815-6267', '090-9625-9625', '', '958'),
(88, '石井 眞美', 'イシイ マサミ', '1', '1968-08-19', 'システム部', '2008-04-10', '195-0061', '東京都町田市鶴川6-1-7', '042-397-2835', '070-6499-6499', '', '956'),
(89, '岡村 聖弘', 'オカムラ キヨヒロ', '1', '1973-07-25', '経理部', '2013-11-20', '742-0003', '山口県柳井市片野西2-10-6 片野西ハイツA 103', '0820-16-4341', '080-2985-2985', '', '842'),
(90, '市川 克明', 'イチカワ カツアキ', '1', '1980-04-30', 'システム部', '2007-02-28', '321-0905', '栃木県宇都宮市平出工業団地7-1-8', '028-735-7343', '080-9156-9156', '', '890'),
(91, '町田 雅美', 'マチダ マサミ', '0', '1968-01-22', '経理部', '2006-04-08', '370-0712', '群馬県邑楽郡明和町矢島9-7-4', '0276-48-1533', '090-5089-5089', '', '965'),
(92, '渡辺 寿彦', 'ワタナベ トシヒコ', '0', '1973-02-23', '総務部', '2015-07-05', '143-0002', '東京都大田区城南島5-2-2', '03-3499-5666', '080-7097-7097', '', '832'),
(93, '塚本 祐美', 'ツカモト ユウミ', '0', '1966-06-01', '総務部', '2020-05-06', '747-0843', '山口県防府市東仁井令町9-7-8 ペガサス東仁井令町', '0835-18-3115', '090-1117-1117', '', '902'),
(94, '泉 義将', 'イズミ ヨシマサ', '0', '1980-05-29', '総務部', '2019-10-24', '790-0807', '愛媛県松山市平和通6-12-3 サンハイツ平和通', '089-591-6141', '070-0235-0235', '', '984'),
(95, '吉原 光善', 'ヨシハラ ミツヨシ', '0', '1968-08-26', 'システム部', '2012-11-09', '079-1154', '北海道赤平市幸町4-10-1', '0125-13-2475', '090-0592-0592', '', '896'),
(96, '中野 朗夫', 'ナカノ アキオ', '0', '1977-09-04', '総務部', '2002-04-12', '299-4325', '千葉県長生郡長生村一松丙8062', '0475-87-0397', '080-1799-1799', '', '811'),
(97, '宮城 理香', 'ミヤギ リカ', '0', '1965-12-10', '総務部', '2012-04-28', '321-0117', '栃木県宇都宮市城南1-6-7', '028-438-0481', '080-5743-5743', '', '974'),
(98, '北野 昌光', 'キタノ マサミツ', '1', '1965-11-04', '経理部', '2017-07-09', '092-0041', '北海道網走郡美幌町東一条南4-14-3', '0152-84-6968', '090-0929-0929', '', '1005'),
(99, '三谷 麻琴', 'サンヤ マコト', '0', '1970-09-24', '経理部', '2012-12-08', '897-0222', '鹿児島県川辺郡川辺町永田3-12-2', '0993-86-0934', '070-6389-6389', '', '794'),
(100, '石井 啓矩', 'イシイ ヒロノリ', '0', '1966-11-24', '経理部', '2005-04-27', '045-0202', '北海道古宇郡泊村茅沼村1-5-1', '0135-96-7788', '070-4912-4912', '', '818');

-- --------------------------------------------------------

--
-- テーブルの構造 `player`
--

CREATE TABLE `player` (
  `id` int(11) NOT NULL,
  `name` varchar(255) DEFAULT NULL,
  `age` int(11) DEFAULT NULL,
  `team` varchar(255) DEFAULT NULL,
  `position` varchar(255) DEFAULT NULL
) ENGINE=InnoDB DEFAULT CHARSET=utf8mb4;

--
-- テーブルのデータのダンプ `player`
--

INSERT INTO `player` (`id`, `name`, `age`, `team`, `position`) VALUES
(4, 'fukuchi', 23, 'GIANTS', '更新'),
(6, NULL, NULL, NULL, NULL),
(7, NULL, NULL, NULL, NULL),
(8, NULL, NULL, NULL, NULL),
(9, '福地平次', NULL, NULL, 'sinnnyuusysainn '),
(10, NULL, NULL, NULL, NULL),
(11, 'cds', 342, 'rew', 're32');

-- --------------------------------------------------------

--
-- テーブルの構造 `t_attendance`
--

CREATE TABLE `t_attendance` (
  `attendance_id` int(11) NOT NULL,
  `member_id` int(11) NOT NULL,
  `work_division` enum('0','1') DEFAULT NULL,
  `date` date DEFAULT NULL,
  `punch_in` time DEFAULT NULL,
  `punch_out` time DEFAULT NULL,
  `break_time` int(11) DEFAULT NULL,
  `remarks` text DEFAULT NULL
) ENGINE=InnoDB DEFAULT CHARSET=utf8;

--
-- テーブルのデータのダンプ `t_attendance`
--

INSERT INTO `t_attendance` (`attendance_id`, `member_id`, `work_division`, `date`, `punch_in`, `punch_out`, `break_time`, `remarks`) VALUES
(1, 1, '1', '2020-07-30', '11:30:00', '17:30:00', 60, ''),
(2, 2, '0', '2019-07-14', '09:00:00', '18:30:00', 60, ''),
(3, 3, '0', '2020-03-07', '11:00:00', '18:00:00', 60, ''),
(4, 4, '0', '2020-11-25', '09:00:00', '18:00:00', 60, ''),
(5, 5, '0', '2020-05-19', '12:00:00', '18:30:00', 60, ''),
(6, 6, '0', '2020-08-11', '11:00:00', '17:30:00', 60, ''),
(7, 7, '0', '2020-02-16', '09:00:00', '18:00:00', 60, ''),
(8, 8, '0', '2019-07-15', '10:00:00', '19:00:00', 60, ''),
(9, 9, '1', '2019-07-26', '12:00:00', '19:00:00', 60, ''),
(10, 10, '0', '2020-01-21', '12:30:00', '18:30:00', 60, ''),
(11, 11, '1', '2020-12-09', '11:00:00', '18:30:00', 60, ''),
(12, 12, '1', '2020-08-29', '11:00:00', '19:00:00', 60, ''),
(13, 13, '0', '2019-03-07', '10:00:00', '17:30:00', 60, ''),
(14, 14, '0', '2019-07-14', '10:00:00', '18:30:00', 60, ''),
(15, 15, '0', '2020-12-27', '09:00:00', '18:00:00', 60, ''),
(16, 16, '0', '2020-04-18', '12:30:00', '17:00:00', 60, ''),
(17, 17, '0', '2019-06-08', '11:30:00', '18:00:00', 60, ''),
(18, 18, '1', '2020-07-08', '10:30:00', '17:30:00', 60, ''),
(19, 19, '1', '2019-02-20', '10:30:00', '18:30:00', 60, ''),
(20, 20, '0', '2019-09-04', '10:00:00', '17:00:00', 60, ''),
(21, 21, '1', '2020-02-14', '09:30:00', '18:30:00', 60, ''),
(22, 22, '0', '2020-10-01', '12:00:00', '19:00:00', 60, ''),
(23, 23, '0', '2020-03-08', '09:30:00', '19:00:00', 60, ''),
(24, 24, '0', '2020-01-31', '11:00:00', '17:00:00', 60, ''),
(25, 25, '0', '2019-10-12', '10:00:00', '18:00:00', 60, ''),
(26, 26, '0', '2020-02-11', '09:00:00', '17:00:00', 60, ''),
(27, 27, '0', '2020-07-22', '09:30:00', '18:00:00', 60, ''),
(28, 28, '1', '2020-06-25', '12:30:00', '18:00:00', 60, ''),
(29, 29, '0', '2020-10-18', '12:30:00', '18:30:00', 60, ''),
(30, 30, '0', '2020-07-15', '11:30:00', '19:30:00', 60, ''),
(31, 31, '0', '2020-09-20', '12:00:00', '19:30:00', 60, ''),
(32, 32, '0', '2019-12-23', '10:00:00', '17:00:00', 60, ''),
(33, 33, '0', '2020-09-07', '10:00:00', '19:30:00', 60, ''),
(34, 34, '0', '2019-04-08', '12:00:00', '19:00:00', 60, ''),
(35, 35, '1', '2019-10-16', '11:00:00', '17:30:00', 60, ''),
(36, 36, '0', '2020-11-24', '12:00:00', '18:30:00', 60, ''),
(37, 37, '0', '2020-04-18', '10:30:00', '17:30:00', 60, ''),
(38, 38, '0', '2020-02-28', '10:30:00', '18:00:00', 60, ''),
(39, 39, '1', '2020-07-03', '12:30:00', '17:00:00', 60, ''),
(40, 40, '0', '2020-09-07', '12:00:00', '19:30:00', 60, ''),
(41, 41, '0', '2020-09-24', '09:30:00', '17:00:00', 60, ''),
(42, 42, '0', '2019-01-25', '11:30:00', '19:00:00', 60, ''),
(43, 43, '0', '2020-07-27', '09:00:00', '19:30:00', 60, ''),
(44, 44, '0', '2020-07-06', '10:00:00', '19:30:00', 60, ''),
(45, 45, '0', '2020-03-19', '12:30:00', '18:30:00', 60, ''),
(46, 46, '0', '2020-06-01', '10:00:00', '19:00:00', 60, ''),
(47, 47, '0', '2019-07-27', '10:30:00', '19:30:00', 60, ''),
(48, 48, '0', '2019-02-22', '11:00:00', '18:30:00', 60, ''),
(49, 49, '0', '0000-00-00', '09:00:00', '19:30:00', 60, ''),
(50, 50, '1', '2020-05-18', '09:30:00', '18:30:00', 60, ''),
(51, 51, '0', '2020-10-15', '11:30:00', '18:00:00', 60, ''),
(52, 52, '0', '2019-08-19', '11:30:00', '18:30:00', 60, ''),
(53, 53, '0', '2020-08-21', '09:30:00', '17:30:00', 60, ''),
(54, 54, '0', '2020-08-24', '12:30:00', '18:00:00', 60, ''),
(55, 55, '0', '2020-02-26', '10:00:00', '18:30:00', 60, ''),
(56, 56, '1', '2019-01-26', '09:30:00', '19:00:00', 60, ''),
(57, 57, '0', '2020-04-05', '12:00:00', '17:30:00', 60, ''),
(58, 58, '0', '2020-09-23', '09:30:00', '17:00:00', 60, ''),
(59, 59, '0', '2020-03-26', '11:30:00', '18:30:00', 60, ''),
(60, 60, '0', '2020-12-09', '10:00:00', '18:30:00', 60, ''),
(61, 61, '0', '2020-03-28', '11:00:00', '17:30:00', 60, ''),
(62, 62, '0', '2020-08-14', '11:30:00', '19:30:00', 60, ''),
(63, 63, '0', '2020-10-18', '12:00:00', '18:00:00', 60, ''),
(64, 64, '0', '2020-08-09', '12:00:00', '18:30:00', 60, ''),
(65, 65, '0', '2020-02-10', '11:30:00', '17:00:00', 60, ''),
(66, 66, '0', '2020-01-16', '09:00:00', '17:30:00', 60, ''),
(67, 67, '1', '2020-08-23', '12:00:00', '17:00:00', 60, ''),
(68, 68, '0', '2020-05-30', '11:00:00', '17:30:00', 60, ''),
(69, 69, '0', '2020-08-02', '11:30:00', '17:30:00', 60, ''),
(70, 70, '0', '2020-09-25', '11:30:00', '19:00:00', 60, ''),
(71, 71, '1', '2020-09-27', '12:00:00', '18:00:00', 60, ''),
(72, 72, '0', '2020-05-14', '11:30:00', '19:30:00', 60, ''),
(73, 73, '0', '2020-06-25', '10:00:00', '19:00:00', 60, ''),
(74, 74, '1', '2020-03-11', '10:30:00', '19:00:00', 60, ''),
(75, 75, '1', '2020-01-17', '11:00:00', '19:00:00', 60, ''),
(76, 76, '1', '2020-01-30', '09:30:00', '17:00:00', 60, ''),
(77, 77, '1', '2020-11-13', '11:30:00', '19:00:00', 60, ''),
(78, 78, '0', '2020-08-11', '12:00:00', '17:00:00', 60, ''),
(79, 79, '0', '2020-10-22', '11:30:00', '18:30:00', 60, ''),
(80, 80, '1', '2019-01-05', '12:00:00', '18:30:00', 60, ''),
(81, 81, '0', '2020-02-27', '12:30:00', '19:30:00', 60, ''),
(82, 82, '0', '2020-06-02', '12:30:00', '18:00:00', 60, ''),
(83, 83, '1', '2020-04-16', '11:30:00', '19:30:00', 60, ''),
(84, 84, '1', '2020-02-12', '09:00:00', '19:30:00', 60, ''),
(85, 85, '0', '2019-10-31', '11:30:00', '18:00:00', 60, ''),
(86, 86, '0', '2020-03-08', '11:30:00', '19:30:00', 60, ''),
(87, 87, '0', '2019-04-26', '09:30:00', '17:30:00', 60, ''),
(88, 88, '0', '2019-11-17', '12:00:00', '19:30:00', 60, ''),
(89, 89, '0', '2019-10-16', '11:30:00', '17:30:00', 60, ''),
(90, 90, '1', '2020-06-03', '09:00:00', '17:00:00', 60, ''),
(91, 91, '0', '2019-01-10', '12:30:00', '19:00:00', 60, ''),
(92, 92, '0', '2019-03-27', '10:00:00', '18:00:00', 60, ''),
(93, 93, '0', '2020-06-16', '11:00:00', '18:30:00', 60, ''),
(94, 94, '0', '2020-05-15', '12:30:00', '17:00:00', 60, ''),
(95, 95, '0', '2019-09-27', '11:30:00', '18:30:00', 60, ''),
(96, 96, '0', '2019-10-25', '11:30:00', '17:30:00', 60, ''),
(97, 97, '0', '2019-10-12', '10:00:00', '19:30:00', 60, ''),
(98, 98, '1', '2019-09-02', '11:00:00', '17:30:00', 60, ''),
(99, 99, '0', '2020-01-31', '10:00:00', '19:00:00', 60, ''),
(100, 100, '1', '2020-02-14', '11:30:00', '17:00:00', 60, ''),
(101, 1, '1', '0000-00-00', '09:30:00', '17:00:00', 60, ''),
(102, 2, '0', '2020-01-12', '09:30:00', '19:30:00', 60, ''),
(103, 3, '1', '2020-03-15', '10:30:00', '19:00:00', 60, ''),
(104, 4, '0', '2020-02-23', '11:00:00', '17:00:00', 60, ''),
(105, 5, '0', '2020-10-18', '09:30:00', '18:00:00', 60, ''),
(106, 6, '0', '2020-08-24', '09:00:00', '18:00:00', 60, ''),
(107, 7, '1', '2020-11-19', '12:00:00', '19:30:00', 60, ''),
(108, 8, '0', '2019-11-30', '10:30:00', '18:00:00', 60, ''),
(109, 9, '0', '2020-10-21', '10:00:00', '18:30:00', 60, ''),
(110, 10, '0', '2020-01-09', '11:00:00', '17:30:00', 60, ''),
(111, 11, '0', '2020-10-28', '11:30:00', '17:00:00', 60, ''),
(112, 12, '0', '2020-08-25', '10:30:00', '19:30:00', 60, ''),
(113, 13, '0', '2020-04-22', '10:30:00', '18:00:00', 60, ''),
(114, 14, '0', '2019-12-06', '09:00:00', '19:30:00', 60, ''),
(115, 15, '0', '2019-02-13', '12:30:00', '19:30:00', 60, ''),
(116, 16, '0', '2020-05-08', '12:30:00', '17:00:00', 60, ''),
(117, 17, '0', '2019-10-18', '10:00:00', '17:30:00', 60, ''),
(118, 18, '0', '2020-12-20', '10:30:00', '17:30:00', 60, ''),
(119, 19, '0', '2020-07-19', '10:30:00', '19:00:00', 60, ''),
(120, 20, '0', '2019-04-10', '11:00:00', '17:00:00', 60, ''),
(121, 21, '0', '2020-10-04', '12:00:00', '18:00:00', 60, ''),
(122, 22, '0', '2020-11-01', '11:30:00', '18:30:00', 60, ''),
(123, 23, '0', '2020-04-18', '10:30:00', '19:30:00', 60, ''),
(124, 24, '0', '2020-02-11', '09:00:00', '17:30:00', 60, ''),
(125, 25, '1', '0000-00-00', '10:30:00', '17:00:00', 60, ''),
(126, 26, '0', '2020-04-28', '12:30:00', '17:30:00', 60, ''),
(127, 27, '0', '2020-10-27', '11:00:00', '19:30:00', 60, ''),
(128, 28, '0', '2019-05-22', '10:00:00', '17:00:00', 60, ''),
(129, 29, '0', '2019-09-28', '10:30:00', '17:30:00', 60, ''),
(130, 30, '1', '2020-07-15', '10:00:00', '17:30:00', 60, ''),
(131, 31, '0', '2019-02-11', '11:00:00', '18:00:00', 60, ''),
(132, 32, '0', '2019-03-21', '09:30:00', '19:30:00', 60, ''),
(133, 33, '0', '2020-01-05', '10:00:00', '18:30:00', 60, ''),
(134, 34, '1', '2020-06-19', '12:30:00', '18:30:00', 60, ''),
(135, 35, '0', '2019-09-01', '09:30:00', '17:00:00', 60, ''),
(136, 36, '0', '2020-10-19', '10:30:00', '17:00:00', 60, ''),
(137, 37, '0', '2019-11-06', '12:00:00', '19:30:00', 60, ''),
(138, 38, '0', '2020-05-16', '12:30:00', '17:30:00', 60, ''),
(139, 39, '1', '2020-12-31', '12:30:00', '18:00:00', 60, ''),
(140, 40, '0', '2020-07-06', '11:30:00', '17:30:00', 60, ''),
(141, 41, '0', '2019-08-12', '09:30:00', '19:30:00', 60, ''),
(142, 42, '0', '2020-04-26', '12:00:00', '19:30:00', 60, ''),
(143, 43, '1', '2020-01-13', '11:30:00', '19:30:00', 60, ''),
(144, 44, '0', '2020-07-18', '09:00:00', '19:00:00', 60, ''),
(145, 45, '0', '2019-08-18', '12:00:00', '17:30:00', 60, ''),
(146, 46, '1', '2020-11-29', '09:00:00', '19:30:00', 60, ''),
(147, 47, '0', '2019-06-06', '12:30:00', '19:00:00', 60, ''),
(148, 48, '1', '2019-04-17', '11:00:00', '19:00:00', 60, ''),
(149, 49, '0', '2019-08-13', '10:00:00', '17:00:00', 60, ''),
(150, 50, '0', '2019-08-04', '10:00:00', '17:00:00', 60, ''),
(151, 51, '0', '2020-05-10', '09:00:00', '17:30:00', 60, ''),
(152, 52, '0', '2019-08-18', '11:00:00', '17:00:00', 60, ''),
(153, 53, '0', '2020-10-14', '09:30:00', '17:00:00', 60, ''),
(154, 54, '0', '2020-01-21', '11:30:00', '18:30:00', 60, ''),
(155, 55, '1', '2020-05-22', '10:30:00', '17:00:00', 60, ''),
(156, 56, '0', '2019-02-11', '10:00:00', '17:30:00', 60, ''),
(157, 57, '1', '2020-08-02', '11:00:00', '17:30:00', 60, ''),
(158, 58, '0', '2019-06-11', '11:30:00', '19:00:00', 60, ''),
(159, 59, '0', '2020-01-14', '12:30:00', '19:30:00', 60, ''),
(160, 60, '0', '2020-12-13', '09:30:00', '17:00:00', 60, ''),
(161, 61, '0', '2020-12-03', '09:00:00', '19:30:00', 60, ''),
(162, 62, '1', '2019-02-04', '11:00:00', '18:00:00', 60, ''),
(163, 63, '1', '2020-11-29', '11:00:00', '19:00:00', 60, ''),
(164, 64, '0', '2020-10-18', '12:30:00', '17:00:00', 60, ''),
(165, 65, '0', '2019-12-31', '11:00:00', '19:00:00', 60, ''),
(166, 66, '1', '2019-01-13', '12:00:00', '19:00:00', 60, ''),
(167, 67, '0', '2020-04-17', '09:00:00', '18:00:00', 60, ''),
(168, 68, '0', '2020-03-31', '12:00:00', '17:00:00', 60, ''),
(169, 69, '1', '2020-06-02', '09:30:00', '19:30:00', 60, ''),
(170, 70, '0', '2019-03-14', '11:00:00', '18:00:00', 60, ''),
(171, 71, '0', '2019-10-18', '10:00:00', '17:30:00', 60, ''),
(172, 72, '0', '2020-11-03', '12:00:00', '19:00:00', 60, ''),
(173, 73, '0', '2020-12-21', '10:30:00', '18:00:00', 60, ''),
(174, 74, '1', '2019-09-12', '12:30:00', '17:30:00', 60, ''),
(175, 75, '0', '2019-05-19', '09:00:00', '18:00:00', 60, ''),
(176, 76, '0', '2019-06-14', '10:30:00', '18:30:00', 60, ''),
(177, 77, '0', '2019-12-02', '10:00:00', '18:30:00', 60, ''),
(178, 78, '0', '2019-04-21', '09:30:00', '18:00:00', 60, ''),
(179, 79, '0', '2019-01-15', '09:00:00', '18:30:00', 60, ''),
(180, 80, '0', '2020-03-09', '10:00:00', '17:00:00', 60, ''),
(181, 81, '0', '2019-05-15', '09:00:00', '18:30:00', 60, ''),
(182, 82, '0', '2020-12-26', '10:00:00', '18:30:00', 60, ''),
(183, 83, '0', '2019-01-31', '10:00:00', '17:00:00', 60, ''),
(184, 84, '0', '2020-03-12', '09:30:00', '19:30:00', 60, ''),
(185, 85, '0', '2020-06-09', '11:30:00', '17:00:00', 60, ''),
(186, 86, '0', '2019-10-05', '11:00:00', '17:00:00', 60, ''),
(187, 87, '1', '2020-03-10', '09:00:00', '17:30:00', 60, ''),
(188, 88, '0', '2020-05-30', '09:30:00', '18:00:00', 60, ''),
(189, 89, '0', '2019-08-05', '09:30:00', '17:00:00', 60, ''),
(190, 90, '0', '2020-03-13', '12:00:00', '17:30:00', 60, ''),
(191, 91, '0', '2020-11-08', '10:00:00', '19:00:00', 60, ''),
(192, 92, '0', '2020-10-16', '10:00:00', '17:00:00', 60, ''),
(193, 93, '1', '2019-02-05', '09:30:00', '19:00:00', 60, ''),
(194, 94, '0', '2020-04-24', '12:00:00', '17:00:00', 60, ''),
(195, 95, '0', '2019-11-17', '11:30:00', '19:00:00', 60, ''),
(196, 96, '0', '2019-09-06', '12:00:00', '19:30:00', 60, ''),
(197, 97, '0', '2020-12-05', '12:00:00', '19:00:00', 60, ''),
(198, 98, '0', '2019-11-21', '11:30:00', '17:00:00', 60, ''),
(199, 99, '0', '2019-01-01', '10:00:00', '18:30:00', 60, ''),
(200, 100, '0', '2020-06-10', '09:00:00', '18:00:00', 60, '');

--
-- ダンプしたテーブルのインデックス
--

--
-- テーブルのインデックス `attendance`
--
ALTER TABLE `attendance`
  ADD PRIMARY KEY (`attendance_id`);

--
-- テーブルのインデックス `login_list`
--
ALTER TABLE `login_list`
  ADD PRIMARY KEY (`id`);

--
-- テーブルのインデックス `member`
--
ALTER TABLE `member`
  ADD PRIMARY KEY (`member_id`);

--
-- テーブルのインデックス `m_member`
--
ALTER TABLE `m_member`
  ADD PRIMARY KEY (`member_id`);

--
-- テーブルのインデックス `player`
--
ALTER TABLE `player`
  ADD PRIMARY KEY (`id`);

--
-- テーブルのインデックス `t_attendance`
--
ALTER TABLE `t_attendance`
  ADD PRIMARY KEY (`attendance_id`,`member_id`),
  ADD KEY `fk_attendance_member_idx` (`member_id`);

--
-- ダンプしたテーブルの AUTO_INCREMENT
--

--
-- テーブルの AUTO_INCREMENT `attendance`
--
ALTER TABLE `attendance`
  MODIFY `attendance_id` bigint(20) NOT NULL AUTO_INCREMENT, AUTO_INCREMENT=201;

--
-- テーブルの AUTO_INCREMENT `login_list`
--
ALTER TABLE `login_list`
  MODIFY `id` int(11) NOT NULL AUTO_INCREMENT, AUTO_INCREMENT=5;

--
-- テーブルの AUTO_INCREMENT `member`
--
ALTER TABLE `member`
  MODIFY `member_id` bigint(20) NOT NULL AUTO_INCREMENT, AUTO_INCREMENT=102;

--
-- テーブルの AUTO_INCREMENT `player`
--
ALTER TABLE `player`
  MODIFY `id` int(11) NOT NULL AUTO_INCREMENT, AUTO_INCREMENT=12;

--
-- ダンプしたテーブルの制約
--

--
-- テーブルの制約 `t_attendance`
--
ALTER TABLE `t_attendance`
  ADD CONSTRAINT `fk_attendance_member` FOREIGN KEY (`member_id`) REFERENCES `m_member` (`member_id`) ON DELETE NO ACTION ON UPDATE NO ACTION;
COMMIT;

/*!40101 SET CHARACTER_SET_CLIENT=@OLD_CHARACTER_SET_CLIENT */;
/*!40101 SET CHARACTER_SET_RESULTS=@OLD_CHARACTER_SET_RESULTS */;
/*!40101 SET COLLATION_CONNECTION=@OLD_COLLATION_CONNECTION */;
